"","iati_id","budget","recipient_country","recipient_percentage"
"1","T05-EUTF-SAH-TD-07-03",1e+06,"TD",
"2","T05-EUTF-SAH-TD-07-02",7e+06,"TD",
"3","T05-EUTF-SAH-TD-01-11",1172326.99,"TD",
"4","T05-Eutf-SAH-TD-01-10",892000,"TD",
"5","T05-EUTF-SAH-TD-01-09",947492.8,"TD",
"6","T05-EUTF-SAH-TD-08-01",1e+07,"TD",
"7","T05-EUTF-SAH-REG-20-01",9998500,"BF",
"8","T05-EUTF-SAH-REG-20-01",9998500,"ML",
"9","T05-EUTF-SAH-REG-20-01",9998500,"MR",
"10","T05-EUTF-SAH-REG-20-01",9998500,"NE",
"11","T05-EUTF-SAH-REG-20-01",9998500,"TD",
"12","T05-EUTF-SAH-GN-04-01",8e+06,"GN",
"13","T05-EUTF-SAH-NE-12-03",3138349.06,"NE",
"14","T05-EUTF-SAH-MR-08-01",2e+07,"MR",
"15","T05-EUTF-SAH-REG-15-01",1.5e+07,"BF",
"16","T05-EUTF-SAH-REG-15-01",1.5e+07,"CI",
"17","T05-EUTF-SAH-REG-15-01",1.5e+07,"CM",
"18","T05-EUTF-SAH-REG-15-01",1.5e+07,"GH",
"19","T05-EUTF-SAH-REG-15-01",1.5e+07,"GM",
"20","T05-EUTF-SAH-REG-15-01",1.5e+07,"GN",
"21","T05-EUTF-SAH-REG-15-01",1.5e+07,"ML",
"22","T05-EUTF-SAH-REG-15-01",1.5e+07,"MR",
"23","T05-EUTF-SAH-REG-15-01",1.5e+07,"NE",
"24","T05-EUTF-SAH-REG-15-01",1.5e+07,"NG",
"25","T05-EUTF-SAH-REG-15-01",1.5e+07,"SN",
"26","T05-EUTF-SAH-REG-15-01",1.5e+07,"TD",
"27","T05-EUTF-SAH-ML-12-01",1.3e+07,"ML",
"28","T05-EUTF-SAH-REG-18-04",18240000,"BF",
"29","T05-EUTF-SAH-REG-18-04",18240000,"ML",
"30","T05-EUTF-SAH-REG-18-04",18240000,"NE",
"31","T05-EUTF-SAH-REG-11-01",15500000,"BF",
"32","T05-EUTF-SAH-REG-11-01",15500000,"CI",
"33","T05-EUTF-SAH-REG-11-01",15500000,"CM",
"34","T05-EUTF-SAH-REG-11-01",15500000,"GH",
"35","T05-EUTF-SAH-REG-11-01",15500000,"GN",
"36","T05-EUTF-SAH-REG-11-01",15500000,"ML",
"37","T05-EUTF-SAH-REG-11-01",15500000,"NE",
"38","T05-EUTF-SAH-REG-11-01",15500000,"SN",
"39","T05-EUTF-SAH-REG-18-02",8e+06,"NE",
"40","T05-EUTF-SAH-REG-18-06",12691500,"ML",
"41","T05-EUTF-SAH-REG-18-06",12691500,"MR",
"42","T05-EUTF-SAH-REG-18-07",17575000,"BF",
"43","T05-EUTF-SAH-REG-18-07",17575000,"NE",
"44","T05-EUTF-SAH-REG-18-09",2.7e+07,"BF",
"45","T05-EUTF-SAH-REG-18-09",2.7e+07,"ML",
"46","T05-EUTF-SAH-REG-18-09",2.7e+07,"NE",
"47","T05-EUTF-SAH-REG-18-08",12734094,"NE",
"48","T05-EUTF-SAH-REG-18-08",12734094,"TD",
"49","T05-EUTF-SAH-REG-18-01",5e+06,"BF",
"50","T05-EUTF-SAH-REG-18-01",5e+06,"ML",
"51","T05-EUTF-SAH-REG-18-01",5e+06,"MR",
"52","T05-EUTF-SAH-REG-18-01",5e+06,"NE",
"53","T05-EUTF-SAH-REG-18-01",5e+06,"TD",
"54","T05-EUTF-SAH-MR-08-03",1500000,"MR",
"55","T05-EUTF-SAH-REG-16-01",1995038,"BF",
"56","T05-EUTF-SAH-REG-16-01",1995038,"CI",
"57","T05-EUTF-SAH-REG-16-01",1995038,"CM",
"58","T05-EUTF-SAH-REG-16-01",1995038,"GH",
"59","T05-EUTF-SAH-REG-16-01",1995038,"GM",
"60","T05-EUTF-SAH-REG-16-01",1995038,"GN",
"61","T05-EUTF-SAH-REG-16-01",1995038,"GW",
"62","T05-EUTF-SAH-REG-16-01",1995038,"ML",
"63","T05-EUTF-SAH-REG-16-01",1995038,"MR",
"64","T05-EUTF-SAH-REG-16-01",1995038,"NE",
"65","T05-EUTF-SAH-REG-16-01",1995038,"NG",
"66","T05-EUTF-SAH-REG-16-01",1995038,"SN",
"67","T05-EUTF-SAH-REG-16-01",1995038,"TD",
"68","T05-EUTF-HOA-SO-57-02",1.2e+07,"SO",
"69","T05-EUTF-HOA-ET-72-01",8700000,"ET",
"70","T05-EUTF-NOA-REG-04-01",1e+07,"DZ",
"71","T05-EUTF-NOA-REG-04-01",1e+07,"EG",
"72","T05-EUTF-NOA-REG-04-01",1e+07,"MA",
"73","T05-EUTF-NOA-REG-04-01",1e+07,"TN",
"74","T05-EUTF-NOA-LY-12-01",8e+06,"LY",
"75","T05-EUTF-SAH-REG-26",510000,"BF",
"76","T05-EUTF-SAH-REG-26",510000,"ML",
"77","T05-EUTF-SAH-REG-26",510000,"MR",
"78","T05-EUTF-SAH-REG-26",510000,"NE",
"79","T05-EUTF-SAH-REG-26",510000,"TD",
"80","T05-EUTF-SAH-MR-09",4550000,"MR",
"81","T05-EUTF-HOA-ET-40-08",349950,"ET","100.0"
"82","T05-EUTF-NOA-LY-12-03",6e+06,"LY",
"83","T05-EUTF-NOA-LY-11-01",1.3e+07,"LY",
"84","T05-EUTF-HOA-ER-103-01",450000,"ER","100.0"
"85","T05-EUTF-HOA-ER-103",450000,"ER","100.0"
"86","T05-EUTF-HOA-SS-48-02",8313981,"SS",
"87","T05-EUTF-HOA-REG-26-08",1e+06,"ET",
"88","T05-EUTF-HOA-REG-26-08",1e+06,"KE",
"89","T05-EUTF-HOA-REG-26-08",1e+06,"SO",
"90","T05-EUTF-HOA-REG-26-09",3e+06,"ET",
"91","T05-EUTF-HOA-REG-26-09",3e+06,"KE",
"92","T05-EUTF-HOA-REG-26-09",3e+06,"SO",
"93","T05-EUTF-SAH-REG-13-03",5e+06,"BF",
"94","T05-EUTF-SAH-REG-13-03",5e+06,"ML",
"95","T05-EUTF-SAH-REG-13-03",5e+06,"NE",
"96","T05-EUTF-SAH-REG-13-02",5e+06,"CI",
"97","T05-EUTF-SAH-REG-13-02",5e+06,"GM",
"98","T05-EUTF-SAH-REG-13-02",5e+06,"GN",
"99","T05-EUTF-SAH-REG-13-02",5e+06,"SN",
"100","T05-EUTF-SAH-REG-13-01",1e+07,"BF",
"101","T05-EUTF-SAH-REG-13-01",1e+07,"GM",
"102","T05-EUTF-SAH-REG-13-01",1e+07,"ML",
"103","T05-EUTF-SAH-REG-13-01",1e+07,"NE",
"104","T05-EUTF-SAH-REG-13-01",1e+07,"SN",
"105","T05-EUTF-NOA-LY-12-02",6e+06,"LY",
"106","T05-EUTF-NOA-LY-11-03",3300000,"LY",
"107","T05-EUTF-NOA-LY-10-01",1.5e+07,"LY",
"108","Social Transfers for vulnerable Somali people",2.7e+07,"SO","100.0"
"109","T05-EUTF-HOA-REG-79-03",5e+05,"BI",
"110","T05-EUTF- SAH-ML-13",2850000,"ML",
"111","T05-EUTF-HOA-REG-79-04",2e+06,"BI",
"112","T05-EUTF-HOA-REG-79-05",1600000,"RW","100.0"
"113","T05-EUTF-HOA-REG-79-06",1e+06,"RW","100.0"
"114","T05-EUTF-NOA-TN–03",3600000,"TN","100.0"
"115","T05-EUTF-NOA-TN–02",5700000,"TN","100.0"
"116","T05-EUTF-HOA-SS-74-03",2e+06,"SS","100.0"
"117","T05-EUTF-SAH-REG-25",2050000,"BF",
"118","T05-EUTF-SAH-REG-25",2050000,"ML",
"119","T05-EUTF-SAH-REG-25",2050000,"MR",
"120","T05-EUTF-SAH-REG-25",2050000,"NE",
"121","T05-EUTF-SAH-REG-25",2050000,"TD",
"122","T05-EUTF-NOA-REG-09-01",7705000,"EG",
"123","T05-EUTF-SAH-CI-03",2.5e+07,"CI",
"124","T05-EUTF-SAH-CI-02",5e+06,"CI",
"125","T05-EUTF-SAH-BF-11",1e+07,"BF",
"126","T05-EUTF-SAH-NE-16",4500000,"NE",
"127","T05-EUTF-SAH-BF-10",7e+06,"BF",
"128","T05-EUTF-SAH-NE-14",7e+06,"NE",
"129","T05-EUTF-NOA-REG-09-03",2940000,"TN",
"130","T05-EUTF-NOA-REG-09-02",1610000,"MA",
"131","T05-EUTF-SAH-GN-05",5e+06,"GN",
"132","T05-EUTF-SAH-GN-04",8e+06,"GN",
"133","T05-EUTF-SAH-GM-04",1050000,"GM",
"134","T05-EUTF-NOA-LY-01-02",1e+06,"LY",
"135","T05-EUTF-SAH-NE-13",8e+06,"NE",
"136","T05-EUTF-SAH-REG-24",2.1e+07,"BF",
"137","T05-EUTF-SAH-REG-24",2.1e+07,"ML",
"138","T05-EUTF-SAH-REG-24",2.1e+07,"NE",
"139","T05-EUTF-NOA-REG-17",5e+06,"TN","100.0"
"140","T05-EUTF-NOA-LY-13",2.5e+07,"LY","100.0"
"141","T05-EUTF-NOA-LY-12",2e+07,"LY","100.0"
"142","T05-EUTF-NOA-REG-16",1e+07,"DZ","25.0"
"143","T05-EUTF-NOA-REG-16",1e+07,"EG","25.0"
"144","T05-EUTF-NOA-REG-16",1e+07,"MA","25.0"
"145","T05-EUTF-NOA-REG-16",1e+07,"TN","25.0"
"146","T05-EUTF-NOA-REG-15",6500000,"EG","25.0"
"147","T05-EUTF-NOA-REG-15",6500000,"LY","25.0"
"148","T05-EUTF-NOA-REG-15",6500000,"MA","25.0"
"149","T05-EUTF-NOA-REG-15",6500000,"TN","25.0"
"150","T05-EUTF-NOA-REG-14",3700000,"EG","50.0"
"151","T05-EUTF-NOA-REG-14",3700000,"LY","50.0"
"152","T05-EUTF-NOA-LY-11",30200000,"LY","100.0"
"153","T05-EUTF-HOA-KE-69-02",19900000,"KE",
"154","T05-EUTF-SAH-BF-08-10",525825,"BF",
"155","T05-EUTF-HOA-SD-90-01",6900000,,"100.0"
"156","T05-EUTF-SAH-BF-08-09",642105,"BF",
"157","T05-EUTF-SAH-BF-08-08",750000,"BF",
"158","T05-EUTF-HOA-REG-26-07",2e+07,"ET",
"159","T05-EUTF-HOA-REG-26-07",2e+07,"SD",
"160","T05-EUTF-HOA-SS-93",4974973,"SS",
"161","T05-EUTF-HOA-SD-98",19874875,"SD",
"162","T05-EUTF-HOA-SD-97",1e+07,"SD",
"163","T05-EUTF-HOA-SD-96",4e+07,"SD",
"164","T05-EUTF-HOA-SD-95",31970000,"SD",
"165","T05-EUTF-HOA-ET-42-01",7750000,"ET",
"166","T05-EUTF-HOA-ET-40-02",1e+07,"ET",
"167","T05-EUTF-HOA-ET-60-01",5e+07,"ET",
"168","T05-EUTF-HOA-SD-45-01",8e+06,"SD",
"169","T05-EUTF-HOA-SD-54-01",14885000,"SD",
"170","T05-EUTF-HOA-SS-49-01",2e+06,"SS","100.0"
"171","T05-EUTF-HOA-SS-49-03",6375000,"SS","100.0"
"172","T05-EUTF-HOA-SS-49-02",6375000,"SS","100.0"
"173","T05-EUTF-HoA-SO-03",1.2e+07,"SO","100.0"
"174","T05-EUTF-HOA-SO-57-07",3e+06,"SO",
"175","T05-EUTF-HOA-SO-46-05",4300000,"SO",
"176","T05-EUTF-HOA-SO-46-06",7e+06,"SO",
"177","T05-EUTF-HOA-SO-03-12",1e+06,"SO",
"178","T05-EUTF-HOA-SO-46-04",1e+06,"SO",
"179","T05-EUTF-HOA-SO-03-11",1e+06,"SO",
"180","T05-EUTF-HOA-SO-46-03",7e+06,"SO",
"181","T05-EUTF-HOA-SS-74-01",20625000,"SS","100.0"
"182","T05-EUTF-HoA-SS-74-02",1e+06,"SS","100.0"
"183","T05-EUTF-HOA-SD-91",20200000,"SD","100.0"
"184","T05-EUTF-SAH-NG-09",5e+07,"NG",
"185","T05-EUTF-SAH-REG-04-06",6300499,"TD",
"186","T05-EUTF-HOA-SD-94",6.5e+07,"SD","100.0"
"187","T05-EUTF-HOA-SO-16",6e+07,"SO",
"188","T05-EUTF-HOA-SO-59-02",99400000,"SO",
"189","T05-EUTF-HOA-SD-53-01",1e+06,"SD",
"190","T05-EUTF-HOA-SD-38-07",350000,"SD",
"191","T05-EUTF-HOA-SD-33-01",8750000,"SD",
"192","T05-EUTF-HOA-ET-52-01",1.5e+07,"ET",
"193","T05-EUTF-HOA-ET-51-01",3050000,"ET",
"194","T05-EUTF-HOA-ET-40-01",4200000,"ET",
"195","T05-EUTF-HOA-ET-24-03",5e+06,"ET",
"196","T05-EUTF-HOA-ET-24-01",4854149,"ET",
"197","T05-EUTF-HOA-ET-01-11",2300000,"ET",
"198","T05-EUTF-HOA-ET-01-09",1362000,"ET",
"199","T05-EUTF-SAH-TD-01-08",655380,"TD",
"200","T05-EUTF-SAH-TD-01-07",847397,"TD",
"201","T05-EUTF-SAH-TD-07-01",7e+06,"TD",
"202","T05-EUTF-NOA-REG-06-02",1.5e+07,"EG",
"203","T05-EUTF-NOA-REG-06-02",1.5e+07,"MA",
"204","T05-EUTF-NOA-REG-06-02",1.5e+07,"TN",
"205","T05-EUTF-NOA-LY-10",1.7e+07,"LY","100.0"
"206","T05-EUTF-NOA-REG-13",2.4e+07,"LY","100.0"
"207","T05-EUTF-NOA-MA-07",101750000,"MA","100.0"
"208","T05-EUTF-HOA-UG-39-03",9e+06,"UG","100.0"
"209","T05-EUTF-HOA-SD-90",7e+06,"SD","100.0"
"210","T05-EUTF-HOA-REG-81",12800000,"RW","100.0"
"211","T05-EUTF-HOA-REG-80",3e+06,"DJ","12.5"
"212","T05-EUTF-HOA-REG-80",3e+06,"ER","12.5"
"213","T05-EUTF-HOA-REG-80",3e+06,"ET","12.5"
"214","T05-EUTF-HOA-REG-80",3e+06,"KE","12.5"
"215","T05-EUTF-HOA-REG-80",3e+06,"SD","12.5"
"216","T05-EUTF-HOA-REG-80",3e+06,"SO","12.5"
"217","T05-EUTF-HOA-REG-80",3e+06,"SS","12.5"
"218","T05-EUTF-HOA-REG-80",3e+06,"UG","12.5"
"219","T05-EUTF-HOA-UG-83",9900000,"UG","100.0"
"220","T05-EUTF-HOA-SD-82",34870000,"SD","100.0"
"221","T05-EUTF-HOA-SD-44-01",8e+06,"SD","100.0"
"222","T05-EUTF-HOA-SS-84",35900000,"SS","100.0"
"223","T05-EUTF-HOA-SS-85",4951982,"SS","100.0"
"224","T05-EUTF-HOA-ER-88",1017284,"ER","100.0"
"225","T05-EUTF-HOA-ER-86",1.5e+07,"ER","100.0"
"226","T05-EUTF-HOA-REG-67",8200000,"ET","35.0"
"227","T05-EUTF-HOA-REG-67",8200000,"UG","35.0"
"228","T05-EUTF-HOA-REG-81-01",12500000,"RW",
"229","T05-EUTF-SAH-SN-10-01",9e+06,"SN","100.0"
"230","T05-EUTF-SAH-MR-07-02",3158000,"MR","100.0"
"231","T05-EUTF-SAH-MR-07-03",3158000,"MR","100.0"
"232","T05-EUTF-SAH-MR-07-01",4210527.39,"MR",
"233","T05-EUTF-SAH-GN-01-03",1e+07,"GN",
"234","T05-EUTF-SAH-BF-08-06",775000,"BF","100.0"
"235","T05-EUTF-SAH-BF-08-05",1475000,"BF","100.0"
"236","T05-EUTF-SAH-GH-01-01",4840000,"GH","100.0"
"237","T05-EUTF-SAH-GH-02-02",9940000,"GH","100.0"
"238","T05-EUTF-SAH-GH-02-01",9840000,"GH","100.0"
"239","T05-EUTF-NOA-REG-05-01",1.5e+07,"DZ","20.0"
"240","T05-EUTF-NOA-REG-05-01",1.5e+07,"EG","20.0"
"241","T05-EUTF-NOA-REG-05-01",1.5e+07,"LY","20.0"
"242","T05-EUTF-NOA-REG-05-01",1.5e+07,"MA","20.0"
"243","T05-EUTF-NOA-REG-05-01",1.5e+07,"TN","20.0"
"244","T05-EUTF-NOA-EG-01-06",6e+06,"EG","100.0"
"245","T05-EUTF-NOA-LY-05-03",1e+07,"LY","100.0"
"246","T05-EUTF-NOA-LY-09-01",1.8e+07,"LY","100.0"
"247","T05-EUTF-NOA-EG-01-02",1400000,"EG","100.0"
"248","T05-EUTF-NOA-LY-07-01",1.5e+07,"LY","100.0"
"249","T05-EUTF-NOA-LY-08-01",1.3e+07,"LY","100.0"
"250","T05-EUTF-NOA-LY-05-01",2.2e+07,"LY","100.0"
"251","T05-EUTF-NOA-LY-05-02",1.8e+07,"LY","100.0"
"252","T05-EUTF-NOA-LY-06-01",1.3e+07,"LY","100.0"
"253","T05-EUTF-NOA-EG-01-01",3e+06,"EG","100.0"
"254","T05-EUTF-NOA-EG-01-07",20500000,"EG","100.0"
"255","T05-EUTF-NOA-MA-04-01",8e+06,"MA","100.0"
"256","T05-EUTF-NOA-EG-01-04",2.7e+07,"EG","100.0"
"257","T05-EUTF-NOA-MA-05-01",4.4e+07,"MA","100.0"
"258","T05-EUTF-NOA-LY-08-03",5e+06,"LY","100.0"
"259","T05-EUTF-NOA-LY-08-02",5e+06,"LY","100.0"
"260","T05-EUTF-NOA-LY-02-02",3e+06,"LY","100.0"
"261","T05-EUTF-HOA-SD-31-05",4e+06,"SD","100.0"
"262","T05-EUTF-NOA-REG-06-01",8e+06,"EG","33.0"
"263","T05-EUTF-NOA-REG-06-01",8e+06,"MA","33.0"
"264","T05-EUTF-NOA-REG-06-01",8e+06,"TN","33.0"
"265","T05-EUTF-NOA-MA-06-01",8613500,"MA","100.0"
"266","T05-EUTF-NOA-MA-06-01",8613500,"CI",
"267","T05-EUTF-NOA-MA-06-01",8613500,"ML",
"268","T05-EUTF-NOA-MA-06-01",8613500,"SN",
"269","T05-EUTF-NOA-xx-xx",1,"TN","100.0"
"270","YEP Programmes",12000,"UG",
"271","T05-EUTF-SAH-GM-03-03",5e+06,"GM","100.0"
"272","T05-EUTF-NOA-REG-09",11500000,"EG","33.0"
"273","T05-EUTF-NOA-REG-09",11500000,"MA","33.0"
"274","T05-EUTF-NOA-REG-09",11500000,"TN","33.0"
"275","T05-EUTF-NOA-REG-10",3500000,"DZ","20.0"
"276","T05-EUTF-NOA-REG-10",3500000,"EG","20.0"
"277","T05-EUTF-NOA-REG-10",3500000,"LY","20.0"
"278","T05-EUTF-NOA-REG-10",3500000,"MA","20.0"
"279","T05-EUTF-NOA-REG-10",3500000,"TN","20.0"
"280","T05-EUTF-NOA-REG-11",5e+06,"MA","50.0"
"281","T05-EUTF-NOA-REG-11",5e+06,"TN","50.0"
"282","T05-EUTF-NOA-REG-08",1.2e+07,"DZ",
"283","T05-EUTF-NOA-REG-08",1.2e+07,"EG",
"284","T05-EUTF-NOA-REG-08",1.2e+07,"LY",
"285","T05-EUTF-NOA-REG-08",1.2e+07,"MA",
"286","T05-EUTF-NOA-REG-08",1.2e+07,"TN",
"287","T05-EUTF-HOA-REG-20-03",350000,"DJ",
"288","T05-EUTF-HOA-REG-20-03",350000,"ET",
"289","T05-EUTF-HOA-REG-20-03",350000,"KE",
"290","T05-EUTF-HOA-REG-20-03",350000,"SD",
"291","T05-EUTF-HOA-REG-20-03",350000,"SO",
"292","T05-EUTF-HOA-REG-20-03",350000,"SS",
"293","T05-EUTF-HOA-REG-20-03",350000,"UG",
"294","T05-EUTF-REG-HOA-02-13",56680,"DJ","100.0"
"295","T05-EUTF-NOA-LY-09",1.8e+07,"LY","100.0"
"296","T05-EUTF-HOA-REG-20-04",59912,"DJ",
"297","T05-EUTF-HOA-REG-20-04",59912,"ET",
"298","T05-EUTF-HOA-REG-20-04",59912,"SD",
"299","T05-EUTF-HOA-REG-20-04",59912,"SO",
"300","T05-EUTF-HOA-REG-20-04",59912,"SS",
"301","T05-EUTF-HOA-REG-20-04",59912,"UG",
"302","T05-EUTF-SAH-REG-19-01",5e+06,"BF",
"303","T05-EUTF-SAH-REG-19-01",5e+06,"ML",
"304","T05-EUTF-SAH-REG-19-01",5e+06,"MR",
"305","T05-EUTF-SAH-REG-19-01",5e+06,"NE",
"306","T05-EUTF-SAH-REG-19-01",5e+06,"TD",
"307","T05-EUTF-HOA-REG-19-03",16809,"DJ",
"308","T05-EUTF-HOA-REG-19-03",16809,"ET",
"309","T05-EUTF-HOA-REG-19-03",16809,"KE",
"310","T05-EUTF-HOA-REG-19-03",16809,"SD",
"311","T05-EUTF-HOA-REG-19-03",16809,"SS",
"312","T05-EUTF-HOA-REG-19-03",16809,"UG",
"313","T05-EUTF-NOA-LY-08",2.3e+07,"LY","100.0"
"314","T05-EUTF-HOA-DJ-41-01",9070000,"DJ","100.0"
"315","T05-EUTF-SAH-REG-12-01",17400000,"CI",
"316","T05-EUTF-SAH-REG-12-01",17400000,"GH",
"317","T05-EUTF-SAH-REG-12-01",17400000,"GN",
"318","T05-EUTF-SAH-REG-12-01",17400000,"NG",
"319","T05-EUTF-SAH-NE-11-01",8865000,"NE",
"320","T05-EUTF-SAH-ML-05-02",1e+06,"ML",
"321","T05-EUTF-SAH-NE-11-03",13790000,"NE",
"322","T05-EUTF-REG-REG-04-01",3e+07,"BF",
"323","T05-EUTF-REG-REG-04-01",3e+07,"LY",
"324","T05-EUTF-REG-REG-04-01",3e+07,"NE",
"325","T05-EUTF-SAH-REG-10-01",1e+07,"BF",
"326","T05-EUTF-SAH-REG-10-01",1e+07,"CI",
"327","T05-EUTF-SAH-REG-10-01",1e+07,"CM",
"328","T05-EUTF-SAH-REG-10-01",1e+07,"GH",
"329","T05-EUTF-SAH-REG-10-01",1e+07,"GM",
"330","T05-EUTF-SAH-REG-10-01",1e+07,"GN",
"331","T05-EUTF-SAH-REG-10-01",1e+07,"ML",
"332","T05-EUTF-SAH-REG-10-01",1e+07,"MR",
"333","T05-EUTF-SAH-REG-10-01",1e+07,"NE",
"334","T05-EUTF-SAH-REG-10-01",1e+07,"NG",
"335","T05-EUTF-SAH-REG-10-01",1e+07,"SN",
"336","T05-EUTF-SAH-REG-10-01",1e+07,"TD",
"337","T05-EUTF-SAH-REG-21",5e+06,"CM",
"338","T05-EUTF-SAH-REG-21",5e+06,"NE",
"339","T05-EUTF-SAH-REG-21",5e+06,"NG",
"340","T05-EUTF-SAH-REG-21",5e+06,"TD",
"341","T05-EUTF-HOA-SO-46-03 & T05-EUTF-HOA-SO-03-06 & T05-EUTF-HOA-SO-57-03",16300000,"SO",
"342","T05-EUTF-HOA-UG-39-02",1e+06,"UG",
"343","T05-EUTF-SAH-REG-23",2e+07,"BF",
"344","T05-EUTF-SAH-REG-23",2e+07,"ML",
"345","T05-EUTF-SAH-REG-23",2e+07,"MR",
"346","T05-EUTF-SAH-REG-23",2e+07,"NE",
"347","T05-EUTF-SAH-REG-23",2e+07,"TD",
"348","T05-EUTF-SAH-GM-03-04",7e+06,"GM",
"349","T05-EUTF-HOA-SS-50-02",354500,"SS","100.0"
"350","T05-EUTF-HOA-ET-24-02",4e+06,"ET","100.0"
"351","T05-EUTF-HOA-REG-79",1.3e+07,"BI",
"352","T05-EUTF-HOA-REG-79",1.3e+07,"CD",
"353","T05-EUTF-HOA-REG-79",1.3e+07,"RW",
"354","T05-EUTF-HOA-REG-79",1.3e+07,"TZ",
"355","T05-EUTF-HOA-REG-79",1.3e+07,"UG",
"356","T05-EUTF-HOA-REG-78",3e+07,"DJ",
"357","T05-EUTF-HOA-REG-78",3e+07,"ER",
"358","T05-EUTF-HOA-REG-78",3e+07,"ET",
"359","T05-EUTF-HOA-REG-78",3e+07,"KE",
"360","T05-EUTF-HOA-REG-78",3e+07,"SD",
"361","T05-EUTF-HOA-REG-78",3e+07,"SO",
"362","T05-EUTF-HOA-REG-78",3e+07,"SS",
"363","T05-EUTF-HOA-REG-78",3e+07,"UG",
"364","T05-EUTF-HOA-ET-77",1.3e+07,"ET","100.0"
"365","T05-EUTF-HOA-ET-76",6e+06,"ET","100.0"
"366","T05-EUTF-HOA-SS-75",14999996,"SS","100.0"
"367","T05-EUTF-HOA-SS-74",23800000,"SS","100.0"
"368","T05-EUTF-HOA-SD-73",1.5e+07,"SD","100.0"
"369","T05-EUTF-HOA-SD-63-02",4e+06,"SD",
"370","T05-EUTF-HOA-SD-63-01",6e+06,"SD",
"371","T05-EUTF-SAH-REG-22",2e+06,"BF",
"372","T05-EUTF-SAH-REG-22",2e+06,"ML",
"373","T05-EUTF-SAH-REG-22",2e+06,"MR",
"374","T05-EUTF-SAH-REG-22",2e+06,"NE",
"375","T05-EUTF-SAH-REG-22",2e+06,"TD",
"376","T05-EUTF-SAH-REG-20",1e+07,"BF",
"377","T05-EUTF-SAH-REG-20",1e+07,"ML",
"378","T05-EUTF-SAH-REG-20",1e+07,"MR",
"379","T05-EUTF-SAH-REG-20",1e+07,"NE",
"380","T05-EUTF-SAH-REG-20",1e+07,"TD",
"381","T05-EUTF-SAH-ML-12",1.3e+07,"ML",
"382","T05-EUTF-SAH-GH-02",2e+07,"GH",
"383","T05-EUTF-SAH-GH-01",5e+06,"GH",
"384","T05-EUTF-SAH-NG-07-01",22169793,"NG",
"385","T05-EUTF-HOA-SD-38-04",52100,"SD",
"386","T05-EUTF-HOA-SO-03-10",150000,"SO",
"387","T05-EUTF-HOA-SS-48-02",8313981,"SS",
"388","T05-EUTF-HOA-SS-48-01",13875000,"SS",
"389","T05-EUTF-SAH-REG-17-01",4995000,"BF",
"390","T05-EUTF-SAH-REG-17-01",4995000,"CI",
"391","T05-EUTF-SAH-REG-17-01",4995000,"CM",
"392","T05-EUTF-SAH-REG-17-01",4995000,"GH",
"393","T05-EUTF-SAH-REG-17-01",4995000,"GM",
"394","T05-EUTF-SAH-REG-17-01",4995000,"GN",
"395","T05-EUTF-SAH-REG-17-01",4995000,"ML",
"396","T05-EUTF-SAH-REG-17-01",4995000,"MR",
"397","T05-EUTF-SAH-REG-17-01",4995000,"NE",
"398","T05-EUTF-SAH-REG-17-01",4995000,"NG",
"399","T05-EUTF-SAH-REG-17-01",4995000,"SN",
"400","T05-EUTF-SAH-REG-17-01",4995000,"TD",
"401","T05-EUTF-HOA-SD-45-1",8e+06,"SD",
"402","T05-EUTF-HOA-SO-57-01",2e+06,"SO","100.0"
"403","T05-EUTF-HOA-SD-37-01",1e+07,"SD",
"404","T05-EUTF-NOA-TN-01-04",3e+06,"TN","100.0"
"405","T05-EUTF-HOA-SO-47-02",4e+06,"SO","100.0"
"406","T05-EUTF-HOA-DJ-70",7890000,"DJ","100.0"
"407","T05-EUTF-HOA-KE-69",33270000,"KE",
"408","T05-EUTF-HOA-UG-68",1.8e+07,"UG","100.0"
"409","T05-EUTF-HOA-SD-65",2.5e+07,"SD","100.0"
"410","T05-EUTF-HOA-SD-64",1.5e+07,"SD","100.0"
"411","T05-EUTF-HOA-SD-63",1e+07,"SD","100.0"
"412","T05-EUTF-NOA-REG-06",2e+07,"EG","33.0"
"413","T05-EUTF-NOA-REG-06",2e+07,"MA","33.0"
"414","T05-EUTF-NOA-REG-06",2e+07,"TN","33.0"
"415","T05-EUTF-NOA-LY-07",1.5e+07,"LY","100.0"
"416","CTR - Mission d'appui aux acteurs du programme de renforcement de la résilience à l'insécurité alimentaire et nutritionnelle au Nord mali (Key)",1500000,"ML","100.0"
"417","T05-EUTF-NOA-MA-05",4.4e+07,"MA","100.0"
"418","T05-EUTF-NOA-MA-04",8e+06,"MA","100.0"
"419","T05-EUTF-REG-REG-05",9813810,"BF",
"420","T05-EUTF-REG-REG-05",9813810,"BJ",
"421","T05-EUTF-REG-REG-05",9813810,"CI",
"422","T05-EUTF-REG-REG-05",9813810,"CM",
"423","T05-EUTF-REG-REG-05",9813810,"CV",
"424","T05-EUTF-REG-REG-05",9813810,"DJ",
"425","T05-EUTF-REG-REG-05",9813810,"ER",
"426","T05-EUTF-REG-REG-05",9813810,"ET",
"427","T05-EUTF-REG-REG-05",9813810,"GH",
"428","T05-EUTF-REG-REG-05",9813810,"GM",
"429","T05-EUTF-REG-REG-05",9813810,"GN",
"430","T05-EUTF-REG-REG-05",9813810,"GW",
"431","T05-EUTF-REG-REG-05",9813810,"KE",
"432","T05-EUTF-REG-REG-05",9813810,"LR",
"433","T05-EUTF-REG-REG-05",9813810,"ML",
"434","T05-EUTF-REG-REG-05",9813810,"MR",
"435","T05-EUTF-REG-REG-05",9813810,"NE",
"436","T05-EUTF-REG-REG-05",9813810,"NG",
"437","T05-EUTF-REG-REG-05",9813810,"SD",
"438","T05-EUTF-REG-REG-05",9813810,"SL",
"439","T05-EUTF-REG-REG-05",9813810,"SN",
"440","T05-EUTF-REG-REG-05",9813810,"SO",
"441","T05-EUTF-REG-REG-05",9813810,"SS",
"442","T05-EUTF-REG-REG-05",9813810,"TD",
"443","T05-EUTF-REG-REG-05",9813810,"TG",
"444","T05-EUTF-REG-REG-05",9813810,"TZ",
"445","T05-EUTF-REG-REG-05",9813810,"UG",
"446","T05-EUTF-SAH-MR-08",2.5e+07,"MR",
"447","T05-EUTF-HOA-SS-61",4975000,"SS","100.0"
"448","T05-EUTF-NOA-MA-02-01",4580000,"MA","100.0"
"449","T05-EUTF-NOA-TN-01-03",4e+06,"TN","100.0"
"450","T05-EUTF-NOA-REG-07-01",5.5e+07,"MA","50.0"
"451","T05-EUTF-NOA-REG-07-01",5.5e+07,"TN","50.0"
"452","T05-EUTF-NOA-REG-02-01",5550000,"DZ",
"453","T05-EUTF-NOA-REG-02-01",5550000,"EG",
"454","T05-EUTF-NOA-REG-02-01",5550000,"JO",
"455","T05-EUTF-NOA-REG-02-01",5550000,"LY",
"456","T05-EUTF-NOA-REG-02-01",5550000,"MA",
"457","T05-EUTF-NOA-REG-02-01",5550000,"TN",
"458","T05-EUTF-SAH-GM-03-01",7e+06,"GM",
"459","T05-EUTF-SAH-REG-18",144479592,"BF",
"460","T05-EUTF-SAH-REG-18",144479592,"ML",
"461","T05-EUTF-SAH-REG-18",144479592,"MR",
"462","T05-EUTF-SAH-REG-18",144479592,"NE",
"463","T05-EUTF-SAH-REG-18",144479592,"TD",
"464","T05-EUTF-SAH-REG-19",5e+06,"BF","25.0"
"465","T05-EUTF-SAH-REG-19",5e+06,"ML","25.0"
"466","T05-EUTF-SAH-REG-19",5e+06,"MR","25.0"
"467","T05-EUTF-SAH-REG-19",5e+06,"NE","25.0"
"468","T05-EUTF-SAH-REG-19",5e+06,"TD","25.0"
"469","T05-EUTF-SAH-NE-12",7600000,"NE",
"470","T05-EUTF-SAH-SN-10",9e+06,"SN",
"471","T05-EUTF-HOA-SO-47-01",3968707,"SO","100.0"
"472","T05-EUTF-HOA-UG-39-01",1e+07,"UG",
"473","T05-EUTF-HOA-KE-17-02",110000,"KE","100.0"
"474","T05-EUTF-SAH-REG-04-04",5887729,"NE",
"475","T05-EUTF-SAH-REG-04-03",5929971,"ML",
"476","T05-EUTF-SAH-REG-04-05",6392030,"SN","100.0"
"477","T05-EUTF-REG-REG-01-04",2499952,"LY","100.0"
"478","T05-EUTF-SAH-GN-01-02",3.5e+07,"GN",
"479","T05-EUTF-SAH-GN-01-01",1.5e+07,"GN",
"480","T05-EUTF-HOA-SD-31-01",3600000,"SD","100.0"
"481","T05-EUTF-NOA-LY-04-01",42223927,"LY","100.0"
"482","T05-EUTF-HOA-DJ-41-02",8e+06,"DJ",
"483","T05-EUTF-SAH-REG-17",5e+06,"BF",
"484","T05-EUTF-SAH-REG-17",5e+06,"CI",
"485","T05-EUTF-SAH-REG-17",5e+06,"CM",
"486","T05-EUTF-SAH-REG-17",5e+06,"GH",
"487","T05-EUTF-SAH-REG-17",5e+06,"GM",
"488","T05-EUTF-SAH-REG-17",5e+06,"GN",
"489","T05-EUTF-SAH-REG-17",5e+06,"ML",
"490","T05-EUTF-SAH-REG-17",5e+06,"MR",
"491","T05-EUTF-SAH-REG-17",5e+06,"NE",
"492","T05-EUTF-SAH-REG-17",5e+06,"NG",
"493","T05-EUTF-SAH-REG-17",5e+06,"SN",
"494","T05-EUTF-SAH-REG-17",5e+06,"TD",
"495","T05-EUTF-NOA-REG-07",5.5e+07,"MA","50.0"
"496","T05-EUTF-NOA-REG-07",5.5e+07,"TN","50.0"
"497","T05-EUTF-NOA-LY-06",2.9e+07,"LY","100.0"
"498","T05-EUTF-NOA-MA-03",6500000,"MA","100.0"
"499","T05-EUTF-SAH-BF-07-01",2e+06,"BF",
"500","T05-EUTF-SAH-REG-06-03",4900000,"MR",
"501","T05-EUTF-SAH-REG-06-04",4900000,"NE",
"502","T05-EUTF-SAH-REG-16",1.25e+08,"BF",
"503","T05-EUTF-SAH-REG-16",1.25e+08,"CI",
"504","T05-EUTF-SAH-REG-16",1.25e+08,"CM",
"505","T05-EUTF-SAH-REG-16",1.25e+08,"GH",
"506","T05-EUTF-SAH-REG-16",1.25e+08,"GM",
"507","T05-EUTF-SAH-REG-16",1.25e+08,"GN",
"508","T05-EUTF-SAH-REG-16",1.25e+08,"GW",
"509","T05-EUTF-SAH-REG-16",1.25e+08,"ML",
"510","T05-EUTF-SAH-REG-16",1.25e+08,"MR",
"511","T05-EUTF-SAH-REG-16",1.25e+08,"NE",
"512","T05-EUTF-SAH-REG-16",1.25e+08,"NG",
"513","T05-EUTF-SAH-REG-16",1.25e+08,"SN",
"514","T05-EUTF-SAH-REG-16",1.25e+08,"TD",
"515","T05-EUTF-SAH-ML-11",1e+07,"ML",
"516","T05-EUTF-SAH-REG-15",1.5e+07,"BF",
"517","T05-EUTF-SAH-REG-15",1.5e+07,"CI",
"518","T05-EUTF-SAH-REG-15",1.5e+07,"CM",
"519","T05-EUTF-SAH-REG-15",1.5e+07,"GH",
"520","T05-EUTF-SAH-REG-15",1.5e+07,"GM",
"521","T05-EUTF-SAH-REG-15",1.5e+07,"GN",
"522","T05-EUTF-SAH-REG-15",1.5e+07,"ML",
"523","T05-EUTF-SAH-REG-15",1.5e+07,"MR",
"524","T05-EUTF-SAH-REG-15",1.5e+07,"NE",
"525","T05-EUTF-SAH-REG-15",1.5e+07,"NG",
"526","T05-EUTF-SAH-REG-15",1.5e+07,"SN",
"527","T05-EUTF-SAH-REG-15",1.5e+07,"TD",
"528","T05-EUTF-HOA-KE-58",5e+06,"KE","100.0"
"529","T05-EUTF-SAH-GM-03",2.3e+07,"GM",
"530","T05-EUTF-SAH-REG-14",5e+06,"CV","80.0"
"531","T05-EUTF-SAH-REG-14",5e+06,"GW","20.0"
"532","T05-EUTF-HOA-SO-59",107400000,"SO","100.0"
"533","T05-EUTF-HOA-ET-60",3e+07,"ET","100.0"
"534","T05-EUTF-HOA-SD-55",1460000,"SD","100.0"
"535","T05-EUTF-HOA-SD-54",1.5e+07,"SD","100.0"
"536","T05-EUTF-HOA-SD-53",1e+06,"SD",
"537","T05-EUTF-HOA-SO-57",98200000,"SO","100.0"
"538","T05-EUTF-SAH-NE-08-04",625000,"NE",
"539","T05-EUTF-HOA-REG-26-06",2100000,"ET",
"540","T05-EUTF-HOA-REG-26-06",2100000,"KE",
"541","T05-EUTF-NOA-TN-01-02",3300000,"TN","100.0"
"542","T05-EUTF-SAH-BF-09-01",4.9e+07,"BF",
"543","T05-EUTF-NOA-LY-05",5e+07,"LY","100.0"
"544","T05-EUTF-REG-REG-04",1.15e+08,"BF",
"545","T05-EUTF-REG-REG-04",1.15e+08,"CI",
"546","T05-EUTF-REG-REG-04",1.15e+08,"CM",
"547","T05-EUTF-REG-REG-04",1.15e+08,"DJ",
"548","T05-EUTF-REG-REG-04",1.15e+08,"ER",
"549","T05-EUTF-REG-REG-04",1.15e+08,"ET",
"550","T05-EUTF-REG-REG-04",1.15e+08,"GH",
"551","T05-EUTF-REG-REG-04",1.15e+08,"GM",
"552","T05-EUTF-REG-REG-04",1.15e+08,"GN",
"553","T05-EUTF-REG-REG-04",1.15e+08,"KE",
"554","T05-EUTF-REG-REG-04",1.15e+08,"LY",
"555","T05-EUTF-REG-REG-04",1.15e+08,"ML",
"556","T05-EUTF-REG-REG-04",1.15e+08,"MR",
"557","T05-EUTF-REG-REG-04",1.15e+08,"NE",
"558","T05-EUTF-REG-REG-04",1.15e+08,"NG",
"559","T05-EUTF-REG-REG-04",1.15e+08,"SD",
"560","T05-EUTF-REG-REG-04",1.15e+08,"SN",
"561","T05-EUTF-REG-REG-04",1.15e+08,"SO",
"562","T05-EUTF-REG-REG-04",1.15e+08,"SS",
"563","T05-EUTF-REG-REG-04",1.15e+08,"TD",
"564","T05-EUTF-REG-REG-04",1.15e+08,"TZ",
"565","T05-EUTF-REG-REG-04",1.15e+08,"UG",
"566","T05-EUTF-SAH-REG-13",2e+07,"BF",
"567","T05-EUTF-SAH-REG-13",2e+07,"CI",
"568","T05-EUTF-SAH-REG-13",2e+07,"GM",
"569","T05-EUTF-SAH-REG-13",2e+07,"GN",
"570","T05-EUTF-SAH-REG-13",2e+07,"ML",
"571","T05-EUTF-SAH-REG-13",2e+07,"NE",
"572","T05-EUTF-SAH-REG-13",2e+07,"SN",
"573","T05-EUTF-HOA-ET-52",15150000,"ET","100.0"
"574","T05-EUTF-HOA-SO-47",1e+07,"SO","100.0"
"575","T05-EUTF-HoA-REG-26-04",1.2e+07,"ET",
"576","T05-EUTF-HoA-REG-26-04",1.2e+07,"KE",
"577","T05-EUTF-HOA-SD-38",4800000,"SD","100.0"
"578","T05-EUTF-HOA-SO-46",4.5e+07,"SO",
"579","T05-EUTF-HOA-DJ-41",20500000,"DJ","100.0"
"580","T05-EUTF-HOA-SD-11-02",3e+06,"SD",
"581","T05-EUTF-HOA-SD-11-03",2e+06,"SD",
"582","T05-EUTF-HOA-SD-45",8e+06,"SD",
"583","T05-EUTF-HOA-SD-43",3820000,"SD","100.0"
"584","T05-EUTF-HOA-KE-18-04",1900000,"KE","100.0"
"585","T05-EUTF-HOA-REG-26-02",13300000,"ET",
"586","T05-EUTF-HOA-REG-26-02",13300000,"KE",
"587","T05-EUTF-HOA-REG-26-02",13300000,"SO",
"588","T05-EUTF-HOA-SS-50",2972000,"SS","100.0"
"589","T05-EUTF-HOA-SS-49",14900000,"SS","100.0"
"590","T05-EUTF-HOA-SS-48",22388981,"SS",
"591","T05-EUTF-HOA-ET-51",3050000,"ET","100.0"
"592","T05-EUTF-HOA-ET-40",14750000,"ET","100.0"
"593","T05-EUTF-HOA-SO-23-01",4e+06,"SO","100.0"
"594","T05-EUTF-HOA-UG-39",2e+07,"UG",
"595","T05-EUTF-HOA-ET-42",13750000,"ET",
"596","T05-EUTF-HOA-SD-38-02",1e+06,"SD","100.0"
"597","T05-EUTF-HOA-SD-37",1e+07,"SD","100.0"
"598","T05-EUTF-SAH-TD-07",1.5e+07,"TD",
"599","T05-EUTF-SAH-NE-11",3e+07,"NE",
"600","T05-EUTF-SAH-NE-10",1e+07,"NE",
"601","T05-EUTF-SAH-MR-07",1e+07,"MR",
"602","T05-EUTF-SAH-ML-10",3.5e+07,"ML",
"603","T05-EUTF-SAH-GN-01",6.5e+07,"GN",
"604","T05-EUTF-SAH-BF-09",8e+07,"BF",
"605","T05-EUTF-SAH-BF-08",7e+06,"BF",
"606","T05-EUTF-SAH-BF-07",9e+06,"BF",
"607","T05-EUTF-SAH-REG-12",17400000,"CI",
"608","T05-EUTF-SAH-REG-12",17400000,"GH",
"609","T05-EUTF-SAH-REG-12",17400000,"GN",
"610","T05-EUTF-SAH-REG-12",17400000,"NG",
"611","T05-EUTF-SAH-REG-11",15800000,"BF",
"612","T05-EUTF-SAH-REG-11",15800000,"BJ",
"613","T05-EUTF-SAH-REG-11",15800000,"CI",
"614","T05-EUTF-SAH-REG-11",15800000,"CM",
"615","T05-EUTF-SAH-REG-11",15800000,"GH",
"616","T05-EUTF-SAH-REG-11",15800000,"GM",
"617","T05-EUTF-SAH-REG-11",15800000,"GN",
"618","T05-EUTF-SAH-REG-11",15800000,"ML",
"619","T05-EUTF-SAH-REG-11",15800000,"MR",
"620","T05-EUTF-SAH-REG-11",15800000,"NE",
"621","T05-EUTF-SAH-REG-11",15800000,"SN",
"622","T05-EUTF-SAH-REG-11",15800000,"TD",
"623","T05-EUTF-SAH-REG-11",15800000,"TG",
"624","T05-EUTF-SAH-REG-10",1e+07,"BF",
"625","T05-EUTF-SAH-REG-10",1e+07,"CI",
"626","T05-EUTF-SAH-REG-10",1e+07,"CM",
"627","T05-EUTF-SAH-REG-10",1e+07,"GH",
"628","T05-EUTF-SAH-REG-10",1e+07,"GM",
"629","T05-EUTF-SAH-REG-10",1e+07,"GN",
"630","T05-EUTF-SAH-REG-10",1e+07,"ML",
"631","T05-EUTF-SAH-REG-10",1e+07,"MR",
"632","T05-EUTF-SAH-REG-10",1e+07,"NE",
"633","T05-EUTF-SAH-REG-10",1e+07,"SN",
"634","T05-EUTF-SAH-REG-10",1e+07,"TD",
"635","T05-EUTF-NOA-REG-05",1.5e+07,"DZ","20.0"
"636","T05-EUTF-NOA-REG-05",1.5e+07,"EG","20.0"
"637","T05-EUTF-NOA-REG-05",1.5e+07,"LY","20.0"
"638","T05-EUTF-NOA-REG-05",1.5e+07,"MA","20.0"
"639","T05-EUTF-NOA-REG-05",1.5e+07,"TN","20.0"
"640","T05-EUTF-NOA-REG-04",1e+07,"DZ","20.0"
"641","T05-EUTF-NOA-REG-04",1e+07,"EG","20.0"
"642","T05-EUTF-NOA-REG-04",1e+07,"MA","20.0"
"643","T05-EUTF-NOA-REG-04",1e+07,"TN","20.0"
"644","T05-EUTF-NOA-MA-02",4580000,"MA","100.0"
"645","T05-EUTF-SAH-SN-04-05",2e+06,"SN",
"646","T05-EUTF-HoA-SO-03-13",1e+06,"SO",
"647","T05-EUTF-HOA-REG-26-01",2850000,"ET","33.3"
"648","T05-EUTF-HOA-REG-26-01",2850000,"KE","33.3"
"649","T05-EUTF-HOA-REG-26-01",2850000,"SO","33.3"
"650","T05-EUTF-SAH-REG-06-02",4900000,"BF",
"651","T05-EUTF-HoA-SD-11-05",3e+06,"SD","100.0"
"652","T05-EUTF-HOA-SS-06-01",31715258,"SS","100.0"
"653","T05-EUTF-SAH-REG-09-01",2470000,"BF",
"654","T05-EUTF-SAH-REG-09-01",2470000,"ML",
"655","T05-EUTF-SAH-REG-09-01",2470000,"MR",
"656","T05-EUTF-SAH-REG-09-01",2470000,"NE",
"657","T05-EUTF-SAH-REG-09-01",2470000,"TD",
"658","T05-EUTF-HOA-SD-32-01",8e+06,"SD",
"659","T05-EUTF-HOA-DJ-29-01",11140000,"DJ","100.0"
"660","T05-EUTF-NOA-LY-04",42223927.28,"LY","100.0"
"661","T05-EUTF-HOA-SS-21-01",27580000,"SS","100.0"
"662","T05-EUTF-NOA-REG-01-01",1e+06,"EG","100.0"
"663","T05-EUTF-NOA-TN-01-01",2500000,"TN","100.0"
"664","T05-EUTF-NOA-MA-01-01",5500000,"MA","100.0"
"665","T05-EUTF-NOA-LY-03-05",1e+07,"LY","100.0"
"666","T05-EUTF-NOA-LY-03-02",1.1e+07,"LY","100.0"
"667","T05-EUTF-NOA-LY-03-03",1.8e+07,"LY","100.0"
"668","T05-EUTF-NOA-LY-03-04",1.3e+07,"LY","100.0"
"669","T05-EUTF-NOA-LY-03-01",3.8e+07,"LY","100.0"
"670","T05-EUTF-NOA-LY-01-01",5900000,"LY","100.0"
"671","T05-EUTF-SAH-TD-01-03",1057025.95,"TD",
"672","T05-EUTF-SAH-SN-07-01",688500,"SN",
"673","T05-EUTF-SAH-TD-01-06",924318.97,"TD",
"674","T05-EUTF-SAH-BF-01-05",5263158,"BF",
"675","T05-EUTF-SAH-BF-01-04",5263158,"BF",
"676","T05-EUTF-SAH-BF-01-03",6926315,"BF",
"677","T05-EUTF-SAH-NG-07",2e+07,"NG","100.0"
"678","T05-EUTF-HOA-SD-22-03",3e+06,"SD",
"679","T05-EUTF-HOA-SD-11-01",2e+06,"SD",
"680","T05-EUTF-SAH-BF-01-01",5743000,"BF",
"681","T05-EUTF-REG-REG-02",17993979.53,"BF",
"682","T05-EUTF-REG-REG-02",17993979.53,"CI",
"683","T05-EUTF-REG-REG-02",17993979.53,"CM",
"684","T05-EUTF-REG-REG-02",17993979.53,"DJ",
"685","T05-EUTF-REG-REG-02",17993979.53,"DZ",
"686","T05-EUTF-REG-REG-02",17993979.53,"EG",
"687","T05-EUTF-REG-REG-02",17993979.53,"ER",
"688","T05-EUTF-REG-REG-02",17993979.53,"ET",
"689","T05-EUTF-REG-REG-02",17993979.53,"GH",
"690","T05-EUTF-REG-REG-02",17993979.53,"GM",
"691","T05-EUTF-REG-REG-02",17993979.53,"GN",
"692","T05-EUTF-REG-REG-02",17993979.53,"KE",
"693","T05-EUTF-REG-REG-02",17993979.53,"LY",
"694","T05-EUTF-REG-REG-02",17993979.53,"MA",
"695","T05-EUTF-REG-REG-02",17993979.53,"ML",
"696","T05-EUTF-REG-REG-02",17993979.53,"MR",
"697","T05-EUTF-REG-REG-02",17993979.53,"NE",
"698","T05-EUTF-REG-REG-02",17993979.53,"NG",
"699","T05-EUTF-REG-REG-02",17993979.53,"SD",
"700","T05-EUTF-REG-REG-02",17993979.53,"SN",
"701","T05-EUTF-REG-REG-02",17993979.53,"SO",
"702","T05-EUTF-REG-REG-02",17993979.53,"SS",
"703","T05-EUTF-REG-REG-02",17993979.53,"TD",
"704","T05-EUTF-REG-REG-02",17993979.53,"TN",
"705","T05-EUTF-REG-REG-02",17993979.53,"TZ",
"706","T05-EUTF-REG-REG-02",17993979.53,"UG",
"707","T05-EUTF-HOA-REG-36",361440000,"UG","12.0"
"708","T05-EUTF-HOA-REG-36",361440000,"DJ","11.0"
"709","T05-EUTF-HOA-REG-36",361440000,"ER","11.0"
"710","T05-EUTF-HOA-REG-36",361440000,"ET","11.0"
"711","T05-EUTF-HOA-REG-36",361440000,"KE","11.0"
"712","T05-EUTF-HOA-REG-36",361440000,"SD","11.0"
"713","T05-EUTF-HOA-REG-36",361440000,"SO","11.0"
"714","T05-EUTF-HOA-REG-36",361440000,"SS","11.0"
"715","T05-EUTF-HOA-REG-36",361440000,"TZ","11.0"
"716","T05-EUTF-SAH-REG-09",2200000,"BF",
"717","T05-EUTF-SAH-REG-09",2200000,"ML",
"718","T05-EUTF-SAH-REG-09",2200000,"MR",
"719","T05-EUTF-SAH-REG-09",2200000,"NE",
"720","T05-EUTF-SAH-REG-09",2200000,"TD",
"721","T05-EUTF-REG-REG-01",1.9e+07,"BF",
"722","T05-EUTF-REG-REG-01",1.9e+07,"CI",
"723","T05-EUTF-REG-REG-01",1.9e+07,"CM",
"724","T05-EUTF-REG-REG-01",1.9e+07,"DZ",
"725","T05-EUTF-REG-REG-01",1.9e+07,"EG",
"726","T05-EUTF-REG-REG-01",1.9e+07,"GH",
"727","T05-EUTF-REG-REG-01",1.9e+07,"GM",
"728","T05-EUTF-REG-REG-01",1.9e+07,"GN",
"729","T05-EUTF-REG-REG-01",1.9e+07,"LY",
"730","T05-EUTF-REG-REG-01",1.9e+07,"MA",
"731","T05-EUTF-REG-REG-01",1.9e+07,"ML",
"732","T05-EUTF-REG-REG-01",1.9e+07,"MR",
"733","T05-EUTF-REG-REG-01",1.9e+07,"NE",
"734","T05-EUTF-REG-REG-01",1.9e+07,"NG",
"735","T05-EUTF-REG-REG-01",1.9e+07,"SN",
"736","T05-EUTF-REG-REG-01",1.9e+07,"TD",
"737","T05-EUTF-REG-REG-01",1.9e+07,"TN",
"738","T05-EUTF-HOA-KE-34",5500000,"KE",
"739","T05-EUTF-NOA-EG-01",6e+07,"EG","100.0"
"740","T05-EUTF-NOA-LY-03",9e+07,"LY","100.0"
"741","T05-EUTF-NOA-REG-03",5200000,"DZ","20.0"
"742","T05-EUTF-NOA-REG-03",5200000,"EG","20.0"
"743","T05-EUTF-NOA-REG-03",5200000,"LY","20.0"
"744","T05-EUTF-NOA-REG-03",5200000,"MA","20.0"
"745","T05-EUTF-NOA-REG-03",5200000,"TN","20.0"
"746","T05-EUTF-HOA-SD-12-01",2220800,"SD","100.0"
"747","T05-EUTF-NOA-REG-02",5550000,"DZ","20.0"
"748","T05-EUTF-NOA-REG-02",5550000,"EG","20.0"
"749","T05-EUTF-NOA-REG-02",5550000,"LY","20.0"
"750","T05-EUTF-NOA-REG-02",5550000,"MA","20.0"
"751","T05-EUTF-NOA-REG-02",5550000,"TN","20.0"
"752","T05-EUTF-NOA-MA-06",8613500,"MA","100.0"
"753","T05-EUTF-HOA-SD-22-01",2e+06,"SD",
"754","T05-EUTF-HOA-SD-12-02",4719200,"SD",
"755","T05-EUTF-HOA-SD-13-01",11900000,"SD","100.0"
"756","T05-EUTF-NOA-REG-01",9900000,"DZ","20.0"
"757","T05-EUTF-NOA-REG-01",9900000,"EG","20.0"
"758","T05-EUTF-NOA-REG-01",9900000,"LY","20.0"
"759","T05-EUTF-NOA-REG-01",9900000,"MA","20.0"
"760","T05-EUTF-NOA-REG-01",9900000,"TN","20.0"
"761","T05-EUTF-NOA-LY-01",5900000,"LY","100.0"
"762","T05-EUTF-NOA-TN-01",12800000,"TN","100.0"
"763","T05-EUTF-NOA-LY-02",19800000,"LY","100.0"
"764","T05-EUTF-HOA-SO-03-03",5e+06,"SO","100.0"
"765","T05-EUTF-HOA-SO-03-07",4e+06,"SO","100.0"
"766","T05-EUTF-HOA-SO-03-06",1.2e+07,"SO","100.0"
"767","T05-EUTF-HOA-SO-03-08",4600000,"SO","100.0"
"768","T05-EUTF-HOA-SO-03-04",9e+06,"SO","100.0"
"769","T05-EUTF-HOA-ET-15-05",3888738,"ET","100.0"
"770","T05-EUTF-HOA-ET-15-04",4e+06,"ET","100.0"
"771","T05-EUTF-HOA-ET-15-03",5888890,"ET","100.0"
"772","T05-EUTF-HOA-ET-15-02",8817556,"ET","100.0"
"773","T05-EUTF-HOA-ET-15-01",9385704,"ET","100.0"
"774","T05-EUTF-HOA-REG-19-01",3600000,"DJ","12.5"
"775","T05-EUTF-HOA-REG-19-01",3600000,"ER","12.5"
"776","T05-EUTF-HOA-REG-19-01",3600000,"ET","12.5"
"777","T05-EUTF-HOA-REG-19-01",3600000,"KE","12.5"
"778","T05-EUTF-HOA-REG-19-01",3600000,"SD","12.5"
"779","T05-EUTF-HOA-REG-19-01",3600000,"SO","12.5"
"780","T05-EUTF-HOA-REG-19-01",3600000,"SS","12.5"
"781","T05-EUTF-HOA-REG-19-01",3600000,"UG","12.5"
"782","T05-EUTF-HOA-REG-20-01",2100000,"DJ","12.5"
"783","T05-EUTF-HOA-REG-20-01",2100000,"ER","12.5"
"784","T05-EUTF-HOA-REG-20-01",2100000,"ET","12.5"
"785","T05-EUTF-HOA-REG-20-01",2100000,"KE","12.5"
"786","T05-EUTF-HOA-REG-20-01",2100000,"SD","12.5"
"787","T05-EUTF-HOA-REG-20-01",2100000,"SO","12.5"
"788","T05-EUTF-HOA-REG-20-01",2100000,"SS","12.5"
"789","T05-EUTF-HOA-REG-20-01",2100000,"UG","12.5"
"790","T05-EUTF-HOA-REG-20-02",1400000,"DJ","12.5"
"791","T05-EUTF-HOA-REG-20-02",1400000,"ER","12.5"
"792","T05-EUTF-HOA-REG-20-02",1400000,"ET","12.5"
"793","T05-EUTF-HOA-REG-20-02",1400000,"KE","12.5"
"794","T05-EUTF-HOA-REG-20-02",1400000,"SD","12.5"
"795","T05-EUTF-HOA-REG-20-02",1400000,"SO","12.5"
"796","T05-EUTF-HOA-REG-20-02",1400000,"SS","12.5"
"797","T05-EUTF-HOA-REG-20-02",1400000,"UG","12.5"
"798","T05-EUTF-HOA-REG-19-02",6e+06,"DJ","12.5"
"799","T05-EUTF-HOA-REG-19-02",6e+06,"ER","12.5"
"800","T05-EUTF-HOA-REG-19-02",6e+06,"ET","12.5"
"801","T05-EUTF-HOA-REG-19-02",6e+06,"KE","12.5"
"802","T05-EUTF-HOA-REG-19-02",6e+06,"SD","12.5"
"803","T05-EUTF-HOA-REG-19-02",6e+06,"SO","12.5"
"804","T05-EUTF-HOA-REG-19-02",6e+06,"SS","12.5"
"805","T05-EUTF-HOA-REG-19-02",6e+06,"UG","12.5"
"806","T05-EUTF-HOA-SO-03-05",4e+06,"SO","100.0"
"807","T05-EUTF-SAH-TD-06-01",2.3e+07,"TD","100.0"
"808","T05-EUTF-SAH-NE-09-01",13066250,"NE",
"809","T05-EUTF-SAH-NG-06-01",4725000,"NG",
"810","T05-EUTF-SAH-NG-04-01",15500000,"NG",
"811","T05-EUTF-SAH-NE-08-02",3500000,"NE",
"812","T05-EUTF-SAH-NE-08-03",2725000,"NE",
"813","T05-EUTF-SAH-NE-08-01",1075000,"NE",
"814","T05-EUTF-SAH-NE-07-01",1.5e+07,"NE",
"815","T05-EUTF-SAH-REG-05-01",31100000,"CM","25.0"
"816","T05-EUTF-SAH-REG-05-01",31100000,"NE","25.0"
"817","T05-EUTF-SAH-REG-05-01",31100000,"NG","25.0"
"818","T05-EUTF-SAH-REG-05-01",31100000,"TD","25.0"
"819","T05-EUTF-SAH-REG-06-01",5300000,"ML","25.0"
"820","T05-EUTF-SAH-REG-07-01",1e+07,"BF","50.0"
"821","T05-EUTF-SAH-REG-07-01",1e+07,"ML","50.0"
"822","T05-EUTF-SAH-REG-08-05",350000,"TD","100.0"
"823","T05-EUTF-SAH-REG-08-03",2480000,"GW","100.0"
"824","T05-EUTF-SAH-REG-08-04",5400000,"GN","100.0"
"825","T05-EUTF-SAH-REG-08-02",3e+06,"GH","100.0"
"826","T05-EUTF-SAH-MR-04-01",2870000,"MR","100.0"
"827","T05-EUTF-SAH-MR-03-01",8e+06,"MR",
"828","T05-EUTF-SAH-ML-09-01",20935041,"ML",
"829","T05-EUTF-SAH-ML-08-01",8e+06,"ML","100.0"
"830","T05-EUTF-SAH-ML-08-02",1.7e+07,"ML","100.0"
"831","T05-EUTF-SAH-REG-08-01",2700000,"CI","100.0"
"832","T05-EUTF-SAH-SN-06-02",1e+07,"SN","100.0"
"833","T05-EUTF-SAH-GM-02-01",3900000,"GM",
"834","T05-EUTF-SAH-SN-06-03",9500000,"SN","100.0"
"835","T05-EUTF-SAH-CM-04-01",3300000,"CM",
"836","T05-EUTF-SAH-SN-06-01",7e+06,"SN","100.0"
"837","T05-EUTF-SAH-SN-07-02",1.5e+07,"SN","100.0"
"838","T05-EUTF-SAH-CM-01-01",1.3e+07,"CM",
"839","T05-EUTF-SAH-SN-07-03",12600000,"SN","100.0"
"840","T05-EUTF-SAH-CM-01-02",7368424,"CM",
"841","T05-EUTF-SAH-BF-06-01",8e+06,"BF",
"842","T05-EUTF-SAH-SN-08-01",1.8e+07,"SN","100.0"
"843","T05-EUTF-SAH-BF-05-01",6950000,"BF",
"844","T05-EUTF-SAH-SN-09-01",35075061,"SN","100.0"
"845","T05-EUTF-NOA-MA-01",5500000,"MA","100.0"
"846","T05-EUTF-SAH-BF-04-01",8300000,"BF",
"847","T05-EUTF-SAH-TD-05-01",9999203.2,"TD","100.0"
"848","T05-EUTF-SAH-BF-01-02",8445000,"BF",
"849","T05-EUTF-SAH-SN-04-06",2e+06,"SN",
"850","T05-EUTF-SAH-SN-04-06",2e+06,"SN","100.0"
"851","T05-EUTF-SAH-REG-04-02",6385897,"BF","20.0"
"852","T05-EUTF-HOA-SS-21",27730000,"SS","100.0"
"853","T05-EUTF-SAH-NG-03-01",2.1e+07,"NG","100.0"
"854","T05-EUTF-SAH-SN-04-04",544060,"SN",
"855","T05-EUTF-SAH-SN-04-03",194890,"SN",
"856","T05-EUTF-SAH-NE-06-01",7e+07,"NE",
"857","T05-EUTF-SAH-NE-05-01",6e+06,"NE",
"858","T05-EUTF-SAH-TD-03",10300000,"TD",
"859","T05-EUTF-SAH-TD-01",2.7e+07,"TD",
"860","T05-EUTF-SAH-SN-05",2e+07,"SN",
"861","T05-EUTF-SAH-REG-04",66600000,"BF","26.0"
"862","T05-EUTF-SAH-REG-04",66600000,"ML","24.0"
"863","T05-EUTF-SAH-REG-04",66600000,"NE","16.0"
"864","T05-EUTF-SAH-REG-04",66600000,"MR","13.0"
"865","T05-EUTF-SAH-REG-04",66600000,"SN","11.0"
"866","T05-EUTF-SAH-REG-04",66600000,"TD","10.0"
"867","T05-EUTF-SAH-NG-03",2.1e+07,"NG",
"868","T05-EUTF-SAH-NG-01",11623000,"NG",
"869","T05-EUTF-SAH-NE-06",9e+07,"NE",
"870","T05-EUTF-SAH-NE-05",11500000,"NE",
"871","T05-EUTF-SAH-NE-04",6900000,"NE",
"872","T05-EUTF-SAH-MR-02",3e+06,"MR",
"873","T05-EUTF-SAH-ML-06",2.9e+07,"ML",
"874","T05-EUTF-SAH-ML-01",2.5e+07,"ML",
"875","T05-EUTF-SAH-BF-03",3e+07,"BF",
"876","T05-EUTF-SAH-BF-02",5200000,"BF",
"877","T05-EUTF-SAH-BF-01",3e+07,"BF",
"878","T05-EUTF-SAH-SN-06",27900000,"SN",
"879","T05-EUTF-SAH-REG-08",13930000,"CI",
"880","T05-EUTF-SAH-REG-08",13930000,"GH",
"881","T05-EUTF-SAH-REG-08",13930000,"GN",
"882","T05-EUTF-SAH-REG-08",13930000,"GW",
"883","T05-EUTF-SAH-REG-08",13930000,"TD",
"884","T05-EUTF-SAH-NG-04",15500000,"NG",
"885","T05-EUTF-SAH-NE-07",1.5e+07,"NE",
"886","T05-EUTF-SAH-MR-03",8e+06,"MR",
"887","T05-EUTF-SAH-BF-04",8300000,"BF",
"888","T05-EUTF-SAH-REG-07",1e+07,"BF",
"889","T05-EUTF-SAH-REG-07",1e+07,"ML",
"890","T05-EUTF-SAH-REG-06",2e+07,"BF",
"891","T05-EUTF-SAH-REG-06",2e+07,"ML",
"892","T05-EUTF-SAH-REG-06",2e+07,"MR",
"893","T05-EUTF-SAH-REG-06",2e+07,"NE",
"894","T05-EUTF-SAH-REG-05",31100000,"CM",
"895","T05-EUTF-SAH-REG-05",31100000,"NE",
"896","T05-EUTF-SAH-REG-05",31100000,"NG",
"897","T05-EUTF-SAH-REG-05",31100000,"TD",
"898","T05-EUTF-SAH-TD-06",2.3e+07,"TD",
"899","T05-EUTF-SAH-TD-05",1e+07,"TD",
"900","T05-EUTF-SAH-SN-09",14303200,"SN",
"901","T05-EUTF-SAH-SN-08",1.8e+07,"SN",
"902","T05-EUTF-SAH-SN-07",2.8e+07,"SN",
"903","T05-EUTF-SAH-MR-06",6e+06,"MR",
"904","T05-EUTF-SAH-MR-05",1e+07,"MR",
"905","T05-EUTF-SAH-MR-04",1.4e+07,"MR",
"906","T05-EUTF-SAH-NG-06",4500000,"NG",
"907","T05-EUTF-SAH-NE-09",1.2e+07,"NE",
"908","T05-EUTF-SAH-NE-08",8e+06,"NE",
"909","T05-EUTF-SAH-ML-09",2e+07,"ML",
"910","T05-EUTF-SAH-ML-08",2.5e+07,"ML",
"911","T05-EUTF-SAH-ML-07",1.5e+07,"ML",
"912","T05-EUTF-SAH-GM-02",3900000,"GM",
"913","T05-EUTF-SAH-CM-04",3300000,"CM",
"914","T05-EUTF-SAH-BF-06",8e+06,"BF",
"915","T05-EUTF-SAH-BF-05",7e+06,"BF",
"916","T05-EUTF-HOA-REG-27",5e+06,"DJ","12.0"
"917","T05-EUTF-HOA-REG-27",5e+06,"ER","11.0"
"918","T05-EUTF-HOA-REG-27",5e+06,"ET","11.0"
"919","T05-EUTF-HOA-REG-27",5e+06,"KE","11.0"
"920","T05-EUTF-HOA-REG-27",5e+06,"SD","11.0"
"921","T05-EUTF-HOA-REG-27",5e+06,"SO","11.0"
"922","T05-EUTF-HOA-REG-27",5e+06,"SS","11.0"
"923","T05-EUTF-HoA-REG-28",6900000,"ET","12.0"
"924","T05-EUTF-HoA-REG-28",6900000,"DJ","11.0"
"925","T05-EUTF-HoA-REG-28",6900000,"ER","11.0"
"926","T05-EUTF-HoA-REG-28",6900000,"KE","11.0"
"927","T05-EUTF-HoA-REG-28",6900000,"SO","11.0"
"928","T05-EUTF-HoA-REG-28",6900000,"SS","11.0"
"929","T05-EUTF-HoA-REG-28",6900000,"SS","11.0"
"930","T05-EUTF-HoA-REG-28",6900000,"TZ","11.0"
"931","T05-EUTF-HoA-REG-28",6900000,"UG","11.0"
"932","T05-EUTF-HOA-SD-31",21504799.06,"SD","100.0"
"933","T05-EUTF-HOA-SD-33",8820000,"SD","100.0"
"934","T05-EUTF-HOA-REG-25",60950000,"ET","12.0"
"935","T05-EUTF-HOA-REG-25",60950000,"DJ","11.0"
"936","T05-EUTF-HOA-REG-25",60950000,"ER","11.0"
"937","T05-EUTF-HOA-REG-25",60950000,"KE","11.0"
"938","T05-EUTF-HOA-REG-25",60950000,"SD","11.0"
"939","T05-EUTF-HOA-REG-25",60950000,"SO","11.0"
"940","T05-EUTF-HOA-REG-25",60950000,"SS","11.0"
"941","T05-EUTF-HOA-SD-32",54802260,"SD","100.0"
"942","T05-EUTF-HoA-REG-26",67015000,"ET","25.0"
"943","T05-EUTF-HoA-REG-26",67015000,"KE","25.0"
"944","T05-EUTF-HoA-REG-26",67015000,"SD","25.0"
"945","T05-EUTF-HoA-REG-26",67015000,"SO","25.0"
"946","T05-EUTF-HoA-DJ-29",1e+07,"DJ","100.0"
"947","T05-EUTF-HOA-REG-10-01",3965424,"ET","12.0"
"948","T05-EUTF-HOA-REG-10-01",3965424,"DJ","11.0"
"949","T05-EUTF-HOA-REG-10-01",3965424,"ER","11.0"
"950","T05-EUTF-HOA-REG-10-01",3965424,"KE","11.0"
"951","T05-EUTF-HOA-REG-10-01",3965424,"SD","11.0"
"952","T05-EUTF-HOA-REG-10-01",3965424,"SO","11.0"
"953","T05-EUTF-HOA-REG-10-01",3965424,"SS","11.0"
"954","T05-EUTF-HOA-REG-10-01",3965424,"TZ","11.0"
"955","T05-EUTF-HOA-REG-10-01",3965424,"UG","11.0"
"956","T05-EUTF-HOA-SS-06",31662477.17,"SS","100.0"
"957","T05-EUTF-HOA-SS-05-01",999924,"SS","100.0"
"958","T05-EUTF-HOA-SS-05",3e+06,"SS","100.0"
"959","T05-EUTF-HOA-SS-04-01",2e+07,"SS","100.0"
"960","T05-EUTF-HOA-SS-04",2e+07,"SS","100.0"
"961","T05-EUTF-SAH-REG-04-01",8692218.95,"BF",
"962","T05-EUTF-SAH-REG-04-01",8692218.95,"ML",
"963","T05-EUTF-SAH-REG-04-01",8692218.95,"MR",
"964","T05-EUTF-SAH-REG-04-01",8692218.95,"NE",
"965","T05-EUTF-SAH-REG-04-01",8692218.95,"SN",
"966","T05-EUTF-SAH-REG-04-01",8692218.95,"TD",
"967","T05-EUTF-HoA-REG-10",6600000,"ET","12.0"
"968","T05-EUTF-HoA-REG-10",6600000,"DJ","11.0"
"969","T05-EUTF-HoA-REG-10",6600000,"ER","11.0"
"970","T05-EUTF-HoA-REG-10",6600000,"KE","11.0"
"971","T05-EUTF-HoA-REG-10",6600000,"SD","11.0"
"972","T05-EUTF-HoA-REG-10",6600000,"SO","11.0"
"973","T05-EUTF-HoA-REG-10",6600000,"SS","11.0"
"974","T05-EUTF-HoA-REG-10",6600000,"TZ","11.0"
"975","T05-EUTF-HoA-REG-10",6600000,"UG","11.0"
"976","T05-EUTF-HOA-REG-19",14952505.5,"ET","15.0"
"977","T05-EUTF-HOA-REG-19",14952505.5,"KE","15.0"
"978","T05-EUTF-HOA-REG-19",14952505.5,"SD","15.0"
"979","T05-EUTF-HOA-REG-19",14952505.5,"UG","15.0"
"980","T05-EUTF-HOA-REG-19",14952505.5,"DJ","10.0"
"981","T05-EUTF-HOA-REG-19",14952505.5,"ER","10.0"
"982","T05-EUTF-HOA-REG-19",14952505.5,"SO","10.0"
"983","T05-EUTF-HOA-REG-19",14952505.5,"SS","10.0"
"984","T05-EUTF-HOA-REG-20",5e+06,"DJ","14.3"
"985","T05-EUTF-HOA-REG-20",5e+06,"ET","14.3"
"986","T05-EUTF-HOA-REG-20",5e+06,"KE","14.3"
"987","T05-EUTF-HOA-REG-20",5e+06,"SD","14.3"
"988","T05-EUTF-HOA-REG-20",5e+06,"SO","14.3"
"989","T05-EUTF-HOA-REG-20",5e+06,"SS","14.3"
"990","T05-EUTF-HOA-REG-20",5e+06,"UG","14.3"
"991","T05-EUTF-HOA-REG-09",4e+07,"DJ",
"992","T05-EUTF-HOA-REG-09",4e+07,"ER",
"993","T05-EUTF-HOA-REG-09",4e+07,"ET",
"994","T05-EUTF-HOA-REG-09",4e+07,"KE",
"995","T05-EUTF-HOA-REG-09",4e+07,"SD",
"996","T05-EUTF-HOA-REG-09",4e+07,"SO",
"997","T05-EUTF-HOA-REG-09",4e+07,"SS",
"998","T05-EUTF-HOA-REG-09",4e+07,"UG",
"999","T05-EUTF-HoA-REG-09-01",4e+07,"ET","21.3"
"1000","T05-EUTF-HoA-REG-09-01",4e+07,"KE","18.3"
"1001","T05-EUTF-HoA-REG-09-01",4e+07,"SD","16.7"
"1002","T05-EUTF-HoA-REG-09-01",4e+07,"SO","10.9"
"1003","T05-EUTF-HoA-REG-09-01",4e+07,"DJ","5.9"
"1004","T05-EUTF-HoA-REG-09-01",4e+07,"ER","4.3"
"1005","T05-EUTF-HoA-REG-09-01",4e+07,"UG","4.3"
"1006","T05-EUTF-HoA-REG-09-01",4e+07,"SS","3.9"
"1007","T05-EUTF-HOA-KE-18-03",5920000,"KE","100.0"
"1008","T05-EUTF-HOA-KE-18-01",3920000,"KE","100.0"
"1009","T05-EUTF-HOA-KE-18-02",2920000,"KE","100.0"
"1010","T05-EUTF-HOA-UG-08-01",4300000,"UG","100.0"
"1011","T05-EUTF-HoA-KE-18",1.5e+07,"KE","100.0"
"1012","T05-EUTF-HoA-UG-08",4300000,"UG","100.0"
"1013","T05-EUTF-HOA-UG-07-03",4900000,"UG","100.0"
"1014","T05-EUTF-HOA-ET-02-01",19845000,"ET","100.0"
"1015","T05-EUTF-HOA-KE-17-01",14700000,"KE","100.0"
"1016","T05-EUTF-HOA-UG-07-01",4900000,"UG","100.0"
"1017","T05-EUTF-HOA-ET-02",19945000,"ET","100.0"
"1018","T05-EUTF-HOA-UG-07-02",1e+07,"UG","100.0"
"1019","T05-EUTF-HOA-KE-17",14777689,"KE","100.0"
"1020","T05-EUTF-HOA-UG-07",2.3e+07,"UG","100.0"
"1021","T05-EUTF-SAH-ML-01-01",16112780,"ML",
"1022","T05-EUTF-SAH-SN-05-02",1e+07,"SN","100.0"
"1023","T05-EUTF-SAH-SN-05-01",1e+07,"SN","100.0"
"1024","T05-EUTF-SAH-TD-01-01",1.5e+07,"TD","100.0"
"1025","T05-EUTF-SAH-TD-03-01",10300000,"TD","100.0"
"1026","T05-EUTF-SAH-NG-01-02",4e+06,"NG","100.0"
"1027","T05-EUTF-SAH-NG-01-03",2123000,"NG","100.0"
"1028","T05-EUTF-SAH-NG-01-01",5500000,"NG","100.0"
"1029","T05-EUTF-SAH-ML-01-02",5560000,"ML","100.0"
"1030","T05-EUTF-SAH-ML-01-03",4200000,"ML","100.0"
"1031","T05-EUTF-HOA-SD-22",7898475,"SD","100.0"
"1032","T05-EUTF-SAH-MR-02-01",3e+06,"MR","100.0"
"1033","T05-EUTF-SAH-NE-04-01",6900000,"NE","100.0"
"1034","T05-EUTF-SAH-BF-03-01",35540000,"BF","100.0"
"1035","T05-EUTF-SAH-NE-06-03",6e+06,"NE","100.0"
"1036","T05-EUTF-HOA-SO-23",1.3e+07,"SO","100.0"
"1037","T05-EUTF-SAH-NE-06-02",3998300,"NE","100.0"
"1038","T05-EUTF-SAH-BF-02-01",5200000,"BF",
"1039","T05-EUTF-HOA-ET-01-08",5580000,"ET","100.0"
"1040","T05-EUTF-HoA-ET-24",27330349,"ET","100.0"
"1041","T05-EUTF-HOA-ET-01-06",4230000,"ET","100.0"
"1042","T05-EUTF-HOA-SD-11",1.5e+07,"SD","100.0"
"1043","T05-EUTF-HOA-ET-01-04",5940000,"ET","100.0"
"1044","T05-EUTF-HOA-SD-14",6e+06,"SD","100.0"
"1045","T05-EUTF-HOA-ET-01-03",4252072.9,"ET","100.0"
"1046","T05-EUTF-HOA-SD-13",11960000,"SD","100.0"
"1047","T05-EUTF-HOA-ET-01-07",7e+06,"ET","100.0"
"1048","T05-EUTF-HOA-ET-01-05",5500000,"ET","100.0"
"1049","T05-EUTF-HOA-ET-01-02",4949244,"ET","100.0"
"1050","T05-EUTF-HOA-ET-01-01",6e+06,"ET","100.0"
"1051","T05-EUTF-HOA-SO-03",5.5e+07,"SO","100.0"
"1052","T05-EUTF-HOA-ET-01",47695443.11,"ET","100.0"
"1053","T05-EUTF-HOA-SD-12",7e+06,"SD","100.0"
"1054","T05-EUTF-HoA-ET-15",29673748.02,"ET","100.0"
"1055","T05-EUTF-HOA-SO-03-02",5e+06,"SO","100.0"
"1056","T05-EUTF-HOA-SO-03-01",32720,"SO","100.0"
"1057","T05-EUTF-SAH-CM-01",2e+07,"CM","100.0"
"1058","T05-EUTF-SAH-SN-01",8e+06,"SN","100.0"
"1059","T05-EUTF-SAH-CM-02",7e+06,"CM","100.0"
"1060","T05-EUTF-SAH-CM-03",1e+07,"CM","100.0"
"1061","T05-EUTF-SAH-GM-01",1.1e+07,"GM","100.0"
"1062","T05-EUTF-SAH-ML-03",1e+07,"ML","100.0"
"1063","T05-EUTF-SAH-ML-04",1.3e+07,"ML","100.0"
"1064","T05-EUTF-SAH-ML-02",13576233,"ML","100.0"
"1065","T05-EUTF-SAH-ML-05",6e+06,"ML","100.0"
"1066","T05-EUTF-SAH-MR-01",3200000,"MR","100.0"
"1067","T05-EUTF-SAH-NE-01",7e+06,"NE","100.0"
"1068","T05-EUTF-SAH-NE-02",2.5e+07,"NE","100.0"
"1069","T05-EUTF-SAH-NE-03",3e+07,"NE","100.0"
"1070","T05-EUTF-SAH-REG-01",7200000,"BF","20.0"
"1071","T05-EUTF-SAH-REG-01",7200000,"ML","20.0"
"1072","T05-EUTF-SAH-REG-01",7200000,"MR","20.0"
"1073","T05-EUTF-SAH-REG-01",7200000,"NE","20.0"
"1074","T05-EUTF-SAH-REG-01",7200000,"TD","20.0"
"1075","T05-EUTF-SAH-REG-03",8e+06,"BF","12.5"
"1076","T05-EUTF-SAH-REG-03",8e+06,"BJ","12.5"
"1077","T05-EUTF-SAH-REG-03",8e+06,"CI","12.5"
"1078","T05-EUTF-SAH-REG-03",8e+06,"GH","12.5"
"1079","T05-EUTF-SAH-REG-03",8e+06,"ML","12.5"
"1080","T05-EUTF-SAH-REG-03",8e+06,"MR","12.5"
"1081","T05-EUTF-SAH-REG-03",8e+06,"NE","12.5"
"1082","T05-EUTF-SAH-REG-03",8e+06,"TD","12.5"
"1083","T05-EUTF-SAH-SN-03",1100000,"SN","100.0"
"1084","T05-EUTF-SAH-SN-04",40108734,"SN","100.0"
"1085","T05-EUTF-SAH-TD-02",1.8e+07,"TD","100.0"
"1086","T05-EUTF-SAH-SN-02",4500000,"SN","80.0"
"1087","T05-EUTF-SAH-SN-02",4500000,"GW","20.0"
"1088","T05-EUTF-SAH-TD-02-01",20300000,"TD","100.0"
"1089","T05-EUTF-SAH-SN-04-02",1.9e+07,"SN","100.0"
"1090","T05-EUTF-SAH-SN-04-01",1.6e+07,"SN","100.0"
"1091","T05-EUTF-SAH-SN-03-01",1100000,"SN","100.0"
"1092","T05-EUTF-SAH-REG-03-01",5e+06,"BF","12.5"
"1093","T05-EUTF-SAH-REG-03-01",5e+06,"BJ","12.5"
"1094","T05-EUTF-SAH-REG-03-01",5e+06,"CI","12.5"
"1095","T05-EUTF-SAH-REG-03-01",5e+06,"GH","12.5"
"1096","T05-EUTF-SAH-REG-03-01",5e+06,"ML","12.5"
"1097","T05-EUTF-SAH-REG-03-01",5e+06,"MR","12.5"
"1098","T05-EUTF-SAH-REG-03-01",5e+06,"NE","12.5"
"1099","T05-EUTF-SAH-REG-03-01",5e+06,"TD","12.5"
"1100","T05-EUTF-SAH-REG-01-01",7e+06,"BF","20.0"
"1101","T05-EUTF-SAH-REG-01-01",7e+06,"ML","20.0"
"1102","T05-EUTF-SAH-REG-01-01",7e+06,"MR","20.0"
"1103","T05-EUTF-SAH-REG-01-01",7e+06,"NE","20.0"
"1104","T05-EUTF-SAH-REG-01-01",7e+06,"TD","20.0"
"1105","T05-EUTF-SAH-NG-02-01",3500633,"NG","100.0"
"1106","T05-EUTF-SAH-NE-03-01",6.7e+07,"NE","100.0"
"1107","T05-EUTF-SAH-NE-02-01",26500000,"NE",
"1108","T05-EUTF-SAH-NE-01-01",6999893,"NE","100.0"
"1109","T05-EUTF-SAH-MR-01-01",3200000,"MR","100.0"
"1110","T05-EUTF-SAH-ML-05-01",8200000,"ML","100.0"
"1111","T05-EUTF-SAH-ML-04-01",1.9e+07,"ML","100.0"
"1112","T05-EUTF-SAH-ML-03-01",1e+07,"ML","100.0"
"1113","T05-EUTF-SAH-ML-02-01",1.4e+07,"ML","100.0"
"1114","T05-EUTF-SAH-GM-01-01",1.1e+07,"GM","100.0"
"1115","T05-EUTF-SAH-CM-03-01",1e+07,"CM","100.0"
"1116","T05-EUTF-SAH-CM-02-01",1e+07,"CM","100.0"
"1117","T05-EUTF-SAH-NG-02",3500633,"NG","100.0"
"1118","EU Trust Fund for Africa Results Framework",4.6e+09,"BF",
"1119","EU Trust Fund for Africa Results Framework",4.6e+09,"CI",
"1120","EU Trust Fund for Africa Results Framework",4.6e+09,"CM",
"1121","EU Trust Fund for Africa Results Framework",4.6e+09,"LY","100.0"
"1122","T05-EUTF-SAH-SN-01-01",8e+06,"SN","100.0"
